"username","password"
1614905,"Aa1614905"
101248268,"Aa101248268"
110110110,"Aa110110110"
111111100,"Aa111111100"
111111101,"Aa111111101"
111111102,"Aa111111102"
111111103,"Aa111111103"
111422203,"Aa111422203"
112244668,"Aa112244668"
123456789,"Aa123456789"
202843824,"Aa202843824"
214370999,"Aa214370999"
222222200,"Aa222222200"
222222201,"Aa222222201"
222222202,"Aa222222202"
222222203,"Aa222222203"
222222204,"Aa222222204"
222222205,"Aa222222205"
222333444,"Aa222333444"
223344667,"Aa223344667"
234234234,"Aa234234234"
241625699,"Aa241625699"
242535609,"Aa242535609"
242916639,"Aa242916639"
245239264,"Aa245239264"
254937381,"Aa254937381"
292740167,"Aa292740167"
333333300,"Aa333333300"
333333301,"Aa333333301"
333445555,"Aa333445555"
343434344,"Aa343434344"
349273344,"Aa349273344"
398172999,"Aa398172999"
444212096,"Aa444212096"
444222666,"Aa444222666"
444444400,"Aa444444400"
444444401,"Aa444444401"
444444402,"Aa444444402"
444444403,"Aa444444403"
453453453,"Aa453453453"
555555500,"Aa555555500"
555555501,"Aa555555501"
614370310,"Aa614370310"
636669233,"Aa636669233"
666666600,"Aa666666600"
666666601,"Aa666666601"
666666602,"Aa666666602"
666666603,"Aa666666603"
666666604,"Aa666666604"
666666605,"Aa666666605"
666666606,"Aa666666606"
666666607,"Aa666666607"
666666608,"Aa666666608"
666666609,"Aa666666609"
666666610,"Aa666666610"
666666611,"Aa666666611"
666666612,"Aa666666612"
666666613,"Aa666666613"
666884444,"Aa666884444"
673466642,"Aa673466642"
849934919,"Aa849934919"
888665151,"Aa888665151"
906218888,"Aa906218888"
913323708,"Aa913323708"
913353347,"Aa913353347"
987654321,"Aa987654321"
987987987,"Aa987987987"
999887777,"Aa999887777"
999999999,"Aa999999999"
